{
  "name": "Nintendo GB Micro",
  "bit_depth": 5,
  "chromaticity": {
    "r_XYZ": [ 68.341835,  44.957729,  31.80437 ],
    "g_XYZ": [ 72.355873, 104.673599,  41.401749],
    "b_XYZ": [ 37.532330,  36.497787, 170.743103],
    "w_XYZ": [177.138748, 185.093552, 243.970673]
  },
  "gamma": {
    "r": [
      1.400, 1.400, 1.655, 1.773, 1.795, 1.878, 1.954, 2.006, 2.069, 2.101,
      2.126, 2.166, 2.192, 2.226, 2.251, 2.277, 2.305, 2.331, 2.351, 2.380,
      2.420, 2.450, 2.473, 2.520, 2.604, 2.679, 2.730, 2.805, 2.881, 2.969,
      3.066, 3.066
    ],
    "g": [
      1.463, 1.463, 1.719, 1.823, 1.820, 1.889, 1.954, 1.990, 2.037, 2.054,
      2.063, 2.087, 2.098, 2.117, 2.124, 2.133, 2.144, 2.148, 2.147, 2.152,
      2.167, 2.170, 2.164, 2.178, 2.216, 2.247, 2.247, 2.259, 2.257, 2.249,
      2.216, 2.216
    ],
    "b": [
      1.531, 1.531, 1.845, 1.968, 1.930, 1.977, 2.019, 2.028, 2.045, 2.035,
      2.017, 2.015, 1.997, 1.990, 1.968, 1.948, 1.928, 1.898, 1.861, 1.829,
      1.803, 1.763, 1.708, 1.668, 1.633, 1.589, 1.503, 1.411, 1.280, 1.106,
      0.855, 0.855
    ]
  }
}
