{
  "name": "Nintendo DS Phat (top screen)",
  "bit_depth": 6,
  "chromaticity": {
    "r_XYZ": [14.405114,  9.212368,  5.565747],
    "g_XYZ": [13.639452, 18.96034,  10.251307],
    "b_XYZ": [ 7.49147,   8.002676, 30.749676],
    "w_XYZ": [34.359749, 35.009094, 45.526768]
  },
  "gamma": {
    "r": [
      1.330, 1.330, 1.569, 1.722, 1.821, 1.893, 1.935, 1.967, 2.009, 2.023,
      2.033, 2.048, 2.065, 2.084, 2.107, 2.141, 2.173, 2.198, 2.227, 2.255,
      2.290, 2.329, 2.362, 2.413, 2.529, 2.583, 2.677, 2.752, 2.901, 3.023,
      3.512, 3.512
    ],
    "g": [
      1.327, 1.327, 1.592, 1.759, 1.861, 1.930, 1.969, 1.991, 2.018, 2.020,
      2.017, 2.017, 2.021, 2.031, 2.041, 2.056, 2.072, 2.083, 2.096, 2.106,
      2.115, 2.137, 2.151, 2.167, 2.251, 2.272, 2.302, 2.351, 2.393, 2.453,
      2.736, 2.736
    ],
    "b": [
      1.244, 1.244, 1.510, 1.682, 1.779, 1.839, 1.859, 1.861, 1.865, 1.845,
      1.817, 1.794, 1.773, 1.755, 1.739, 1.725, 1.709, 1.687, 1.662, 1.633,
      1.603, 1.575, 1.542, 1.493, 1.488, 1.421, 1.345, 1.273, 1.145, 0.968,
      0.765, 0.765
    ]
  }
}
