{
  "name": "Nintendo DS Lite (top screen)",
  "bit_depth": 6,
  "chromaticity": {
    "r_XYZ": [ 80.087959,  44.390423,   7.957929],
    "g_XYZ": [ 72.80497,  129.965553,  14.341978],
    "b_XYZ": [ 46.255764,  26.354113, 232.46193 ],
    "w_XYZ": [197.22289,  199.22644,  256.53906 ]
  },
  "gamma": {
    "r": [
      1.760, 1.760, 1.976, 2.066, 2.111, 2.134, 2.142, 2.157, 2.196, 2.211,
      2.224, 2.232, 2.245, 2.258, 2.264, 2.294, 2.306, 2.319, 2.329, 2.349,
      2.385, 2.395, 2.412, 2.455, 2.528, 2.569, 2.603, 2.673, 2.774, 2.894,
      3.042, 3.042
    ],
    "g": [
      1.742, 1.742, 1.942, 2.020, 2.055, 2.071, 2.072, 2.079, 2.110, 2.115,
      2.119, 2.120, 2.124, 2.126, 2.120, 2.138, 2.136, 2.137, 2.129, 2.132,
      2.150, 2.138, 2.134, 2.162, 2.184, 2.184, 2.189, 2.209, 2.260, 2.277,
      2.245, 2.245
    ],
    "b": [
      1.635, 1.635, 1.801, 1.847, 1.853, 1.840, 1.811, 1.790, 1.793, 1.768,
      1.746, 1.710, 1.685, 1.651, 1.612, 1.599, 1.553, 1.514, 1.464, 1.416,
      1.381, 1.310, 1.251, 1.230, 1.132, 1.042, 0.981, 0.867, 0.828, 0.642,
      0.323, 0.323
    ]
  }
}
