{
  "name": "Nintendo New 3DS XL (top screen, IPS)",
  "bit_depth": 8,
  "chromaticity": {
    "r_XYZ": [30.150995, 17.766321,  2.287696],
    "g_XYZ": [27.885418, 53.364429,  5.5924  ],
    "b_XYZ": [16.621996, 10.072731, 87.097832],
    "w_XYZ": [74.311531, 80.788155, 94.501747]
  },
  "gamma": {
    "r": [
      2.170, 2.104, 2.151, 2.125, 2.213, 2.319, 2.475, 2.597, 2.761, 3.221,
      4.076
    ],
    "g": [
      2.020, 1.970, 1.958, 1.873, 1.914, 1.951, 2.005, 2.016, 2.099, 2.332,
      3.032
    ],
    "b": [
      1.850, 1.775, 1.661, 1.525, 1.502, 1.482, 1.458, 1.316, 1.298, 1.320,
      1.887
    ]
  }
}
