{
  "name": "Sony PSP 1000",
  "bit_depth": 8,
  "chromaticity": {
    "r_XYZ": [ 54.580544,  31.391911,   6.272552],
    "g_XYZ": [ 50.119301,  84.828362,  15.802766],
    "b_XYZ": [ 26.314896,  23.08569,  138.498978],
    "w_XYZ": [129.485535, 137.67691,  160.072922]
  },
  "gamma": {
    "r": [
      2.246, 2.246, 2.363, 2.401, 2.447, 2.479, 2.516, 2.567, 2.711, 2.798,
      2.798
    ],
    "g": [
      2.206, 2.206, 2.247, 2.235, 2.230, 2.208, 2.181, 2.147, 2.168, 2.083,
      2.083
    ],
    "b": [
      2.032, 2.032, 1.988, 1.891, 1.793, 1.660, 1.503, 1.295, 1.054, 0.583,
      0.583
    ]
  }
}
