{
  "name": "Nintendo 3DS (bottom screen)",
  "bit_depth": 8,
  "chromaticity": {
    "r_XYZ": [30.89184,  18.203285,   4.302757],
    "g_XYZ": [27.67893,  51.826054,   6.11522 ],
    "b_XYZ": [22.315315, 10.581732, 119.543259],
    "w_XYZ": [80.427284, 80.138954, 130.266144]
  },
  "gamma": {
    "r": [
      1.802, 1.950, 2.060, 2.108, 2.171, 2.199, 2.221, 2.321, 2.382, 2.596,
      2.496
    ],
    "g": [
      1.764, 1.820, 1.858, 1.866, 1.890, 1.886, 1.869, 1.878, 1.872, 1.901,
      1.826
    ],
    "b": [
      1.523, 1.729, 1.715, 1.638, 1.566, 1.434, 1.281, 1.106, 0.822, 0.395,
      0.000
    ]
  }
}
