{
  "name": "Nintendo DS Lite (bottom screen)",
  "bit_depth": 6,
  "chromaticity": {
    "r_XYZ": [ 69.255791,  38.508949,   5.938661],
    "g_XYZ": [ 64.141586, 116.462936,  13.039341],
    "b_XYZ": [ 38.325417,  24.306932, 192.899048],
    "w_XYZ": [168.255493, 176.062531, 209.443771]
  },
  "gamma": {
    "r": [
      1.741, 1.741, 1.978, 2.084, 2.138, 2.168, 2.185, 2.193, 2.248, 2.268,
      2.281, 2.296, 2.317, 2.335, 2.346, 2.372, 2.388, 2.405, 2.416, 2.440,
      2.467, 2.497, 2.524, 2.553, 2.662, 2.715, 2.753, 2.836, 2.922, 3.080,
      3.272, 3.272
    ],
    "g": [
      1.739, 1.739, 1.955, 2.043, 2.083, 2.101, 2.107, 2.101, 2.148, 2.157,
      2.158, 2.161, 2.172, 2.177, 2.172, 2.185, 2.184, 2.187, 2.180, 2.184,
      2.181, 2.189, 2.191, 2.195, 2.260, 2.264, 2.247, 2.280, 2.286, 2.346,
      2.351, 2.351
    ],
    "b": [
      1.659, 1.659, 1.840, 1.893, 1.903, 1.891, 1.868, 1.831, 1.848, 1.830,
      1.794, 1.767, 1.757, 1.729, 1.692, 1.669, 1.627, 1.594, 1.538, 1.496,
      1.437, 1.401, 1.342, 1.281, 1.246, 1.159, 1.043, 0.956, 0.846, 0.694,
      0.507, 0.507
    ]
  }
}
