{
  "name": "Nintendo 3DS (top screen)",
  "bit_depth": 8,
  "chromaticity": {
    "r_XYZ": [32.958065, 19.440199,   4.020961],
    "g_XYZ": [26.716825, 50.685635,   5.501398],
    "b_XYZ": [22.233484, 10.520864, 119.467278],
    "w_XYZ": [81.697327, 80.222755, 129.404419]
  },
  "gamma": {
    "r": [
      1.722, 1.721, 1.764, 1.791, 1.854, 1.857, 1.869, 1.918, 1.954, 2.065,
      2.113
    ],
    "g": [
      1.709, 1.635, 1.645, 1.648, 1.666, 1.661, 1.630, 1.626, 1.605, 1.604,
      1.568
    ],
    "b": [
      1.491, 1.508, 1.421, 1.329, 1.243, 1.111, 0.946, 0.758, 0.490, 0.099,
      0.000
    ]
  }
}
