{
  "name": "Nintendo DS Phat (bottom screen)",
  "bit_depth": 6,
  "chromaticity": {
    "r_XYZ": [12.134523,  7.949146,  4.524725],
    "g_XYZ": [11.373116, 16.089487,  8.298516],
    "b_XYZ": [ 5.947779,  6.871471, 23.864353],
    "w_XYZ": [28.493834, 29.95878,  35.804565]
  },
  "gamma": {
    "r": [
      1.244, 1.244, 1.464, 1.595, 1.685, 1.749, 1.794, 1.822, 1.873, 1.885,
      1.894, 1.900, 1.931, 1.939, 1.972, 1.991, 2.018, 2.037, 2.067, 2.090,
      2.128, 2.176, 2.207, 2.285, 2.365, 2.424, 2.510, 2.581, 2.653, 2.970,
      3.274, 3.274
    ],
    "g": [
      1.267, 1.267, 1.505, 1.648, 1.739, 1.798, 1.835, 1.854, 1.893, 1.890,
      1.886, 1.882, 1.896, 1.894, 1.913, 1.918, 1.930, 1.939, 1.950, 1.955,
      1.974, 1.996, 2.004, 2.047, 2.097, 2.122, 2.164, 2.190, 2.194, 2.370,
      2.577, 2.577
    ],
    "b": [
      1.199, 1.199, 1.441, 1.585, 1.670, 1.714, 1.738, 1.741, 1.756, 1.731,
      1.708, 1.681, 1.673, 1.649, 1.645, 1.620, 1.610, 1.587, 1.563, 1.531,
      1.511, 1.494, 1.459, 1.444, 1.427, 1.374, 1.309, 1.245, 1.109, 1.048,
      0.869, 0.869
    ]
  }
}
