{
  "name": "Nintendo GBA SP AGS101",
  "bit_depth": 5,
  "chromaticity": {
    "r_XYZ": [ 53.035133,  29.786356,   3.376642],
    "g_XYZ": [ 43.2085,    79.048882,   8.263728],
    "b_XYZ": [ 25.650356,  15.12584,  136.981308],
    "w_XYZ": [121.178963, 122.963692, 151.95961 ]
  },
  "gamma": {
    "r": [
      1.555, 1.555, 1.867, 2.095, 2.238, 2.293, 2.282, 2.251, 2.237, 2.259,
      2.272, 2.249, 2.266, 2.337, 2.367, 2.423, 2.484, 2.515, 2.603, 2.690,
      2.751, 2.766, 2.833, 2.804, 2.919, 2.889, 3.038, 3.079, 2.937, 2.549,
      2.029, 2.029
    ],
    "g": [
      1.575, 1.575, 1.880, 2.101, 2.227, 2.269, 2.242, 2.195, 2.168, 2.182,
      2.186, 2.152, 2.163, 2.221, 2.241, 2.286, 2.332, 2.355, 2.427, 2.497,
      2.549, 2.544, 2.586, 2.527, 2.609, 2.552, 2.678, 2.670, 2.530, 2.164,
      1.605, 1.605
    ],
    "b": [
      1.465, 1.465, 1.744, 1.941, 2.046, 2.066, 2.018, 1.951, 1.900, 1.891,
      1.871, 1.820, 1.803, 1.836, 1.827, 1.838, 1.853, 1.837, 1.870, 1.903,
      1.906, 1.847, 1.841, 1.712, 1.711, 1.581, 1.638, 1.523, 1.338, 1.072,
      0.848, 0.848
    ]
  }
}
